method,budget,condition,image_auroc_mean,image_auroc_std,image_auroc_min,image_auroc_max,pixel_auroc_mean,pixel_auroc_std,pixel_auroc_min,pixel_auroc_max,recall_mean,recall_std,recall_min,recall_max,false_positive_rate_mean,false_positive_rate_std,false_positive_rate_min,false_positive_rate_max,latency_median_ms_mean,latency_median_ms_std,latency_median_ms_min,latency_median_ms_max
PatchCore,16,clean,0.9157706093189963,0.013017259273664507,0.9046920821114368,0.9301075268817204,0.9475194326184601,0.007412965256843986,0.9407652754386104,0.95545041881522,0.6487455197132617,0.04848655648196662,0.6021505376344086,0.6989247311827957,0.030303030303030266,0.026243194054073864,0.0,0.0454545454545454,37.154966667003464,15.526074482811232,20.6651000007696,51.492700000380864
PatchCore,64,clean,0.982893450635386,0.006104592373800912,0.9780058651026392,0.9897360703812316,0.9788600499568836,0.0017237633060007116,0.9769672590520934,0.9803397060192734,0.8637992831541218,0.07925929887991384,0.7741935483870968,0.9247311827956988,0.045454545454545435,0.07872958216222166,0.0,0.1363636363636363,40.184599999823455,20.02599826128692,21.454599998833142,61.29399999917951
PatchCore,190,blur,0.9944607363962202,0.003700820036363864,0.9902248289345064,0.997067448680352,0.9816405324571938,0.0008988792725676833,0.9808803832027336,0.982632664091458,0.917562724014337,0.0496645392851291,0.8602150537634409,0.946236559139785,0.0303030303030303,0.05248638810814779,0.0,0.0909090909090909,49.281233332294505,12.731041124911433,38.96349999922677,63.50860000020475
PatchCore,190,clean,0.9890843923101987,0.003254314818416113,0.986314760508309,0.9926686217008798,0.981760142730209,0.0007804668446865784,0.9811180206774228,0.9826288240152204,0.924731182795699,0.055872606695770266,0.8602150537634409,0.956989247311828,0.045454545454545435,0.04545454545454545,0.0,0.0909090909090909,39.21100000055352,13.629302042943623,25.2786000019114,52.51549999957206
PatchCore,190,dim,0.9936461388074291,0.0012931335831204173,0.9921798631476052,0.9946236559139784,0.9819172984751211,0.000835476111022231,0.981222700609868,0.9828443996898044,0.906810035842294,0.0496645392851291,0.8494623655913979,0.935483870967742,0.015151515151515133,0.026243194054073864,0.0,0.0454545454545454,49.702133332175435,10.066479214202907,42.25989999758895,61.155899998993846
Pixel template,16,clean,0.4988595633756924,0.03626816808916015,0.456989247311828,0.5205278592375366,0.7560326372886416,0.0030661690549699263,0.7533744820619245,0.759387066912556,0.25089605734767023,0.01642500249088114,0.23655913978494625,0.26881720430107525,0.0,0.0,0.0,0.0,2.299900000555984,1.0029198249461202,1.2675999969360419,3.2706000019970816
Pixel template,64,clean,0.4898989898989899,0.021418185759633973,0.4721407624633431,0.5136852394916911,0.7535455669684502,0.0024397912261299526,0.7518734025055139,0.7563451870105475,0.25089605734767023,0.022383505370603577,0.22580645161290322,0.26881720430107525,0.030303030303030304,0.0524863881081478,0.0,0.09090909090909091,2.3071333331851442,1.1468540730192358,1.244899998710025,3.5231000001658686
Pixel template,190,blur,0.49315738025415445,0.004662459439965517,0.48826979472140764,0.4975562072336266,0.752490042341444,0.00043394354532933025,0.7519934150679303,0.7527960449193831,0.24372759856630824,0.034565056491014164,0.20430107526881722,0.26881720430107525,0.015151515151515152,0.0262431940540739,0.0,0.045454545454545456,2.799666666154129,1.0810442842477939,1.5525999988312833,3.4708999992290046
Pixel template,190,clean,0.49038774845226457,0.0029863640892511226,0.48778103616813295,0.49364613880742914,0.7492235197498891,0.00039027854908073176,0.74877833861747,0.7495067540740301,0.25089605734767023,0.022383505370603577,0.22580645161290322,0.26881720430107525,0.015151515151515152,0.0262431940540739,0.0,0.045454545454545456,2.6697333317618663,1.1943971286793764,1.294699999561999,3.4496999978728127
Pixel template,190,dim,0.6479309221244706,0.0017164636286824114,0.64613880742913,0.6495601173020528,0.5818842597362854,0.0007587701818489145,0.5810290243253997,0.5824766848530859,0.09677419354838711,0.12400604940506231,0.0,0.23655913978494625,0.015151515151515152,0.0262431940540739,0.0,0.045454545454545456,2.7557666665719203,1.2245510711304017,1.353799998469185,3.6160999989078846
