image_auroc,average_precision,precision,recall,false_positive_rate,tn,fp,fn,tp,budget,condition,threshold,pixel_auroc,latency_median_ms,latency_p95_ms,fit_seconds,memory_patches,test_images,method,seed
0.9301075268817204,0.9834850294770006,1.0,0.6451612903225806,0.0,22,0,33,60,16,clean,18.695941925048828,0.9407652754386104,20.6651000007696,24.31778999962262,0.58885680000094,125.0,115.0,PatchCore,42
0.9809384164222874,0.9956759251506564,0.9662921348314608,0.9247311827956988,0.1363636363636363,19,3,7,86,64,clean,15.12341594696045,0.9769672590520934,21.454599998833142,24.05202000263671,3.9117813000011674,501.0,115.0,PatchCore,42
0.9882697947214076,0.9973261214365708,0.978021978021978,0.956989247311828,0.0909090909090909,20,2,4,89,190,clean,14.022677421569824,0.9826288240152204,25.2786000019114,39.54486000147881,26.202471800002968,1489.0,115.0,PatchCore,42
0.9921798631476052,0.9981777703589496,0.9886363636363636,0.935483870967742,0.0454545454545454,21,1,6,87,190,dim,14.022677421569824,0.9828443996898044,42.25989999758895,47.68910999991931,26.202471800002968,1489.0,115.0,PatchCore,42
0.9902248289345064,0.997788656566184,0.9777777777777776,0.946236559139785,0.0909090909090909,20,2,5,88,190,blur,14.022677421569824,0.982632664091458,38.96349999922677,45.52961000117648,26.202471800002968,1489.0,115.0,PatchCore,42
0.456989247311828,0.8450989057425358,1.0,0.24731182795698925,0.0,22,0,70,23,16,clean,2.93157958984375,0.759387066912556,1.2675999969360419,,0.2027514000001247,,,Pixel template,42
0.4721407624633431,0.848687006343793,1.0,0.25806451612903225,0.0,22,0,69,24,64,clean,2.6951441764831543,0.7524181113892892,1.244899998710025,,0.7932879999971192,,,Pixel template,42
0.4897360703812317,0.8519317851784959,1.0,0.25806451612903225,0.0,22,0,69,24,190,clean,2.5845022201538086,0.7493854665581673,1.294699999561999,,2.3606900999984646,,,Pixel template,42
0.6495601173020528,0.896895760459354,1.0,0.053763440860215055,0.0,22,0,88,5,190,dim,2.5845022201538086,0.5821470700303707,1.353799998469185,,2.3606900999984646,,,Pixel template,42
0.49364613880742914,0.8533835134691605,1.0,0.25806451612903225,0.0,22,0,69,24,190,blur,2.5845022201538086,0.7526806670370185,1.5525999988312833,,2.3606900999984646,,,Pixel template,42
0.9046920821114368,0.9776842450219254,0.9848484848484848,0.6989247311827957,0.0454545454545454,21,1,28,65,16,clean,18.608810424804688,0.95545041881522,39.30709999985993,44.14006999795674,0.8467512999995961,125.0,115.0,PatchCore,123
0.9780058651026392,0.9950947422809644,1.0,0.8924731182795699,0.0,22,0,10,83,64,clean,15.605765342712402,0.979273184799284,37.805200001457706,42.11766999906104,4.858077400000184,501.0,115.0,PatchCore,123
0.986314760508309,0.9970504768787484,0.9888888888888888,0.956989247311828,0.0454545454545454,21,1,4,89,190,clean,13.936118125915527,0.9815335834979836,39.83890000017709,52.1828099997947,32.46164019999924,1489.0,115.0,PatchCore,123
0.9946236559139784,0.9987908762087548,1.0,0.935483870967742,0.0,22,0,6,87,190,dim,13.936118125915527,0.9816847951256908,45.69059999994352,82.30680000051505,32.46164019999924,1489.0,115.0,PatchCore,123
0.997067448680352,0.999313606412175,1.0,0.946236559139785,0.0,22,0,5,88,190,blur,13.936118125915527,0.9814085500773896,45.371599997452,50.516820000848384,32.46164019999924,1489.0,115.0,PatchCore,123
0.5190615835777126,0.862480998036587,1.0,0.23655913978494625,0.0,22,0,71,22,16,clean,2.7806639671325684,0.7533744820619245,2.3615000027348287,,0.26380219999919063,,,Pixel template,123
0.4838709677419355,0.8505945762628975,1.0,0.22580645161290322,0.0,22,0,72,21,64,clean,3.142016887664795,0.7563451870105475,2.1534000006795395,,1.1271898000013607,,,Pixel template,123
0.48778103616813295,0.851678045672439,1.0,0.22580645161290322,0.0,22,0,72,21,190,clean,2.9268579483032227,0.7495067540740301,3.264799997850787,,4.026398900001368,,,Pixel template,123
0.6480938416422287,0.8962016711153026,0.0,0.0,0.0,22,0,93,0,190,dim,2.9268579483032227,0.5810290243253997,3.2974000023386907,,4.026398900001368,,,Pixel template,123
0.48826979472140764,0.8522996426211272,1.0,0.20430107526881722,0.0,22,0,74,19,190,blur,2.9268579483032227,0.7527960449193831,3.3755000004020985,,4.026398900001368,,,Pixel template,123
0.9125122189638318,0.97954936233927,0.9824561403508772,0.6021505376344086,0.0454545454545454,21,1,37,56,16,clean,18.91510009765625,0.94634260360155,51.492700000380864,56.76195000014559,1.2411990000000517,125.0,115.0,PatchCore,2026
0.9897360703812316,0.9976486750436304,1.0,0.7741935483870968,0.0,22,0,21,72,64,clean,16.611948013305664,0.9803397060192734,61.29399999917951,66.81879999960074,7.161077700002352,501.0,115.0,PatchCore,2026
0.9926686217008798,0.9984487767438344,1.0,0.8602150537634409,0.0,22,0,13,80,190,clean,15.025716781616213,0.9811180206774228,52.51549999957206,57.9829600002995,48.96313379999992,1489.0,115.0,PatchCore,2026
0.9941348973607038,0.9986563620371424,1.0,0.8494623655913979,0.0,22,0,14,79,190,dim,15.025716781616213,0.981222700609868,61.155899998993846,66.82822999973723,48.96313379999992,1489.0,115.0,PatchCore,2026
0.9960899315738024,0.9991483019269668,1.0,0.8602150537634409,0.0,22,0,13,80,190,blur,15.025716781616213,0.9808803832027336,63.50860000020475,72.22284999807016,48.96313379999992,1489.0,115.0,PatchCore,2026
0.5205278592375366,0.8596574146212104,1.0,0.26881720430107525,0.0,22,0,68,25,16,clean,2.6188952922821045,0.755336362891444,3.2706000019970816,,0.3682587999974203,,,Pixel template,2026
0.5136852394916911,0.858932011923339,0.9259259259259259,0.26881720430107525,0.09090909090909091,20,2,68,25,64,clean,2.4090676307678223,0.7518734025055139,3.5231000001658686,,1.4510274999993271,,,Pixel template,2026
0.49364613880742914,0.8535045861470905,0.9615384615384616,0.26881720430107525,0.045454545454545456,21,1,68,25,190,clean,2.4052505493164062,0.74877833861747,3.4496999978728127,,4.478914300001634,,,Pixel template,2026
0.64613880742913,0.8952530632283682,0.9565217391304348,0.23655913978494625,0.045454545454545456,21,1,71,22,190,dim,2.4052505493164062,0.5824766848530859,3.6160999989078846,,4.478914300001634,,,Pixel template,2026
0.4975562072336266,0.8547367992114141,0.9615384615384616,0.26881720430107525,0.045454545454545456,21,1,68,25,190,blur,2.4052505493164062,0.7519934150679303,3.4708999992290046,,4.478914300001634,,,Pixel template,2026
