category,method,budget,condition,image_auroc_mean,image_auroc_std,image_auroc_min,image_auroc_max,pixel_auroc_mean,pixel_auroc_std,pixel_auroc_min,pixel_auroc_max,recall_mean,recall_std,recall_min,recall_max,false_positive_rate_mean,false_positive_rate_std,false_positive_rate_min,false_positive_rate_max,latency_median_ms_mean,latency_median_ms_std,latency_median_ms_min,latency_median_ms_max
bottle,PaDiM,16,clean,0.9925925925925926,0.005850091107803248,0.988095238095238,0.9992063492063492,0.9776002040790184,0.00035414649072717884,0.9772516991244662,0.977959734615934,0.9365079365079366,0.041996052556580926,0.8888888888888888,0.9682539682539684,0.08333333333333333,0.10408329997330665,0.0,0.2,85.24436666630208,7.163748447470108,78.24970000001485,92.56599999935132
bottle,PaDiM,64,clean,0.9944444444444445,0.004418860605420731,0.9904761904761904,0.9992063492063492,0.9790948413140382,0.0005997484849692588,0.9784620177718356,0.9796548696251128,0.9788359788359787,0.02424643224844357,0.9523809523809524,1.0,0.03333333333333333,0.02886751345948129,0.0,0.05,84.40963333365896,12.718967449030085,73.92450000043027,98.55830000014976
bottle,PaDiM,179,clean,0.9984126984126984,0.0015873015873015817,0.9968253968253968,1.0,0.9779014096523789,0.0009408276371849985,0.976860828727536,0.9786919780218348,0.9841269841269842,0.027492869961410725,0.9523809523809524,1.0,0.05000000000000001,0.05,0.0,0.1,82.76636666778359,19.009150487455713,71.61570000243955,104.71529999995256
bottle,PatchCore,16,clean,0.9978835978835979,0.0012123216124221787,0.9968253968253968,0.9992063492063492,0.9736185348968994,0.00036429584936409636,0.9732378487771336,0.9739638619060388,0.9788359788359787,0.024246432248443566,0.9523809523809524,1.0,0.13333333333333333,0.14433756729740643,0.05,0.3,46.06689999976273,2.1203856010235547,43.66839999784133,47.69210000085877
bottle,PatchCore,64,clean,0.9994708994708995,0.0009164289987136804,0.9984126984126984,1.0,0.9761115676588429,0.0004397848267304874,0.97563741204678,0.9765061035084426,0.9947089947089948,0.009164289987137014,0.984126984126984,1.0,0.08333333333333333,0.05773502691896257,0.05,0.15,45.049399999697926,1.1952051396102001,43.878599997697165,46.26760000246577
bottle,PatchCore,179,clean,1.0,0.0,1.0,1.0,0.9762383882709527,0.00019237489610514214,0.9761184349260156,0.9764602800351522,1.0,0.0,1.0,1.0,0.13333333333333333,0.10408329997330663,0.05,0.25,49.67366666702825,2.2648530889059506,48.19630000201869,52.28119999810588
bottle,PatchCore fixed 125,16,clean,0.9978835978835979,0.0012123216124221787,0.9968253968253968,0.9992063492063492,0.9736185348968994,0.00036429584936409636,0.9732378487771336,0.9739638619060388,0.9788359788359787,0.024246432248443566,0.9523809523809524,1.0,0.13333333333333333,0.14433756729740643,0.05,0.3,49.06296666498141,6.8619713854193725,41.14019999906304,53.11909999727504
bottle,PatchCore fixed 125,64,clean,0.9941798941798942,0.004072699555116629,0.9896825396825396,0.9976190476190476,0.9727107397894025,0.0003705578108063089,0.9724845344827128,0.9731383841102076,0.9735449735449736,0.009164289987136764,0.9682539682539684,0.984126984126984,0.05000000000000001,0.05,0.0,0.1,50.0083666665887,4.811206686652467,44.73099999813712,54.15030000222032
bottle,PatchCore fixed 125,179,clean,0.9859788359788361,0.01290343745847321,0.9746031746031746,1.0,0.9693529238307343,0.004482863342375042,0.9641816986603928,0.9721382522756424,0.9682539682539683,0.03174603174603183,0.9365079365079364,1.0,0.08333333333333333,0.028867513459481284,0.05,0.1,50.67883333322243,7.290941741106474,45.18439999810653,58.95020000025397
bottle,Pixel template,16,clean,0.8833333333333334,0.002861548631320516,0.880952380952381,0.8865079365079365,0.8865255733408803,0.0016856225624743064,0.885438018924783,0.8884672927748963,0.4126984126984126,0.06349206349206346,0.3492063492063492,0.4761904761904761,0.016666666666666666,0.02886751345948129,0.0,0.05,2.271266667473052,0.35752435469935456,1.8982000001415145,2.610900002764538
bottle,Pixel template,64,clean,0.9044973544973546,0.009468534480514861,0.896825396825397,0.915079365079365,0.8911837537439328,0.001095716900689409,0.889962889457385,0.8920817851254368,0.4761904761904761,0.04761904761904765,0.4285714285714285,0.5238095238095238,0.0,0.0,0.0,0.0,2.402333332914471,0.27293432210128804,2.1018999977968638,2.635000000736909
bottle,Pixel template,179,clean,0.9010582010582011,0.003207501495497897,0.8976190476190476,0.903968253968254,0.8911567106621848,0.00026345854034719835,0.8908526191913503,0.8913162853753621,0.5343915343915344,0.09164289987136921,0.4285714285714285,0.5873015873015873,0.0,0.0,0.0,0.0,2.3828333335889815,0.41823373163617517,1.9676999982038976,2.80410000050324
metal_nut,PaDiM,16,clean,0.8900293255131965,0.0246375037363217,0.8685239491691105,0.916911045943304,0.9413173730903166,0.0017052724000873633,0.9398758664992746,0.9431998053515964,0.4623655913978495,0.10912786629131421,0.3655913978494624,0.5806451612903226,0.015151515151515133,0.026243194054073868,0.0,0.0454545454545454,80.6726333333548,21.82830996052285,67.7642000009655,105.87529999975231
metal_nut,PaDiM,64,clean,0.9597588791137178,0.004098972181625716,0.9550342130987292,0.9623655913978496,0.9542696117301076,0.005720670090301936,0.947665786963156,0.957706394857714,0.7204301075268816,0.2147847780154643,0.4731182795698925,0.8602150537634409,0.030303030303030266,0.026243194054073868,0.0,0.0454545454545454,84.29323333378609,25.48965360873706,68.96670000060112,113.71759999747157
metal_nut,PaDiM,190,clean,0.9573150863473444,0.007639865811465171,0.9491691104594332,0.9643206256109482,0.9515310566834296,0.009621160139441576,0.9413666290466104,0.9604965720019392,0.7598566308243727,0.17515113581176514,0.5591397849462365,0.8817204301075269,0.07575757575757573,0.06943296507508845,0.0,0.1363636363636363,82.08303333231015,17.617009834380205,67.60079999730806,101.69580000001588
metal_nut,PatchCore,16,clean,0.9157706093189963,0.013017259273664507,0.9046920821114368,0.9301075268817204,0.9475194326184601,0.007412965256843986,0.9407652754386104,0.95545041881522,0.6487455197132617,0.04848655648196662,0.6021505376344086,0.6989247311827957,0.030303030303030266,0.026243194054073864,0.0,0.0454545454545454,37.154966667003464,15.526074482811232,20.6651000007696,51.492700000380864
metal_nut,PatchCore,64,clean,0.982893450635386,0.006104592373800912,0.9780058651026392,0.9897360703812316,0.9788600499568836,0.0017237633060007116,0.9769672590520934,0.9803397060192734,0.8637992831541218,0.07925929887991384,0.7741935483870968,0.9247311827956988,0.045454545454545435,0.07872958216222166,0.0,0.1363636363636363,40.184599999823455,20.02599826128692,21.454599998833142,61.29399999917951
metal_nut,PatchCore,190,clean,0.9890843923101987,0.003254314818416113,0.986314760508309,0.9926686217008798,0.981760142730209,0.0007804668446865784,0.9811180206774228,0.9826288240152204,0.924731182795699,0.055872606695770266,0.8602150537634409,0.956989247311828,0.045454545454545435,0.04545454545454545,0.0,0.0909090909090909,39.21100000055352,13.629302042943623,25.2786000019114,52.51549999957206
metal_nut,PatchCore fixed 125,16,clean,0.9157706093189963,0.013017259273664507,0.9046920821114368,0.9301075268817204,0.9475194326184601,0.007412965256843986,0.9407652754386104,0.95545041881522,0.6487455197132617,0.04848655648196662,0.6021505376344086,0.6989247311827957,0.030303030303030266,0.026243194054073864,0.0,0.0454545454545454,43.39173333331322,2.4201471881977175,41.48960000020452,46.11579999982496
metal_nut,PatchCore fixed 125,64,clean,0.9079504724666014,0.03432579307914755,0.8768328445747801,0.9447702834799608,0.9518189851390829,0.010621202040478268,0.9399814190372744,0.9605151688405318,0.6523297491039427,0.11191752685301791,0.5268817204301075,0.7419354838709677,0.0,0.0,0.0,0.0,44.75743333265806,0.9445291132243552,43.779599996923935,45.66469999917899
metal_nut,PatchCore fixed 125,190,clean,0.8748778103616813,0.02334301844821025,0.8479960899315738,0.8900293255131965,0.9341421169377098,0.009069797856169393,0.9267459897564008,0.944261567465016,0.6272401433691757,0.0434564718744879,0.6021505376344086,0.6774193548387096,0.09090909090909087,0.07872958216222166,0.0,0.1363636363636363,36.73233333393,8.327056765272795,27.119200000015557,41.71390000192332
metal_nut,Pixel template,16,clean,0.4988595633756924,0.03626816808916015,0.456989247311828,0.5205278592375366,0.7560326372886416,0.0030661690549699263,0.7533744820619245,0.759387066912556,0.2508960573476702,0.01642500249088114,0.2365591397849462,0.2688172043010752,0.0,0.0,0.0,0.0,2.299900000555984,1.0029198249461202,1.267599996936042,3.2706000019970816
metal_nut,Pixel template,64,clean,0.4898989898989899,0.021418185759633973,0.4721407624633431,0.5136852394916911,0.7535455669684502,0.0024397912261299526,0.7518734025055139,0.7563451870105475,0.2508960573476702,0.022383505370603563,0.2258064516129032,0.2688172043010752,0.0303030303030303,0.05248638810814779,0.0,0.0909090909090909,2.3071333331851442,1.1468540730192358,1.244899998710025,3.523100000165869
metal_nut,Pixel template,190,clean,0.49038774845226457,0.0029863640892510983,0.4877810361681329,0.4936461388074291,0.7492235197498891,0.00039027854908073176,0.74877833861747,0.7495067540740301,0.2508960573476702,0.022383505370603563,0.2258064516129032,0.2688172043010752,0.015151515151515133,0.026243194054073868,0.0,0.0454545454545454,2.6697333317618663,1.1943971286793764,1.294699999561999,3.4496999978728127
