image_auroc,average_precision,precision,recall,false_positive_rate,tn,fp,fn,tp,budget,condition,threshold,pixel_auroc,latency_median_ms,latency_p95_ms,fit_seconds,memory_patches,test_images,method,seed,category
0.9968253968253968,0.9990523572613124,0.984126984126984,0.984126984126984,0.05,19,1,1,62,16,clean,13.151678085327148,0.973653894007526,47.69210000085877,56.4822100004676,1.0794762000004994,125.0,83.0,PatchCore,42,bottle
1.0,0.9999999999999998,0.984375,1.0,0.05,19,1,0,63,64,clean,10.47155475616455,0.976191187421306,45.00199999893084,52.99696000147378,7.047195700000884,501.0,83.0,PatchCore,42,bottle
1.0,0.9999999999999998,0.984375,1.0,0.05,19,1,0,63,179,clean,9.724244117736816,0.9761184349260156,52.28119999810588,60.597939999570364,38.37585150000086,1403.0,83.0,PatchCore,42,bottle
0.8865079365079365,0.9623720812996472,1.0,0.3492063492063492,0.0,20,0,41,22,16,clean,3.234018325805664,0.8884672927748963,1.8982000001415145,,0.3438835000015388,,,Pixel template,42,bottle
0.9015873015873016,0.9690302015162786,1.0,0.4285714285714285,0.0,20,0,36,27,64,clean,2.750157117843628,0.8920817851254368,2.635000000736909,,1.417204600002151,,,Pixel template,42,bottle
0.9015873015873016,0.9685854183483618,1.0,0.4285714285714285,0.0,20,0,36,27,179,clean,2.793476104736328,0.8913162853753621,2.80410000050324,,5.747075200000836,,,Pixel template,42,bottle
0.9992063492063492,0.999751984126984,0.9130434782608696,1.0,0.3,14,6,0,63,16,clean,12.622005462646484,0.9732378487771336,43.66839999784133,54.09712000255239,1.234704899998178,125.0,83.0,PatchCore,123,bottle
0.9984126984126984,0.999500031494079,0.984126984126984,0.984126984126984,0.05,19,1,1,62,64,clean,10.896897315979004,0.97563741204678,43.878599997697165,55.34892999858129,7.11006229999839,501.0,83.0,PatchCore,123,bottle
1.0,0.9999999999999998,0.9692307692307692,1.0,0.1,18,2,0,63,179,clean,8.519486427307129,0.9764602800351522,48.19630000201869,57.01442000136012,40.80477669999891,1403.0,83.0,PatchCore,123,bottle
0.880952380952381,0.960238023892476,1.0,0.4126984126984127,0.0,20,0,37,26,16,clean,2.9141502380371094,0.885438018924783,2.304699999513105,,0.3562922000019171,,,Pixel template,123,bottle
0.896825396825397,0.966480838893417,1.0,0.4761904761904761,0.0,20,0,33,30,64,clean,2.55691909790039,0.889962889457385,2.1018999977968638,,1.4866278000008606,,,Pixel template,123,bottle
0.8976190476190476,0.9670821257088336,1.0,0.5873015873015873,0.0,20,0,26,37,179,clean,2.3113999366760254,0.8908526191913503,1.9676999982038976,,4.067071800000122,,,Pixel template,123,bottle
0.9976190476190476,0.9992440151090304,0.9836065573770492,0.9523809523809524,0.05,19,1,3,60,16,clean,13.727577209472656,0.9739638619060388,46.84020000058808,59.693269999843295,1.026791600001161,125.0,83.0,PatchCore,2026,bottle
1.0,0.9999999999999998,0.9545454545454546,1.0,0.15,17,3,0,63,64,clean,9.833532333374023,0.9765061035084426,46.26760000246577,51.24769000176457,5.938901499997883,501.0,83.0,PatchCore,2026,bottle
1.0,0.9999999999999998,0.9264705882352942,1.0,0.25,15,5,0,63,179,clean,8.41407299041748,0.97613644985169,48.543500000960194,66.9898899985128,36.77325319999727,1403.0,83.0,PatchCore,2026,bottle
0.8825396825396826,0.958259208906944,0.967741935483871,0.4761904761904761,0.05,19,1,33,30,16,clean,2.809437990188598,0.8856714083229614,2.610900002764538,,0.4335130999970715,,,Pixel template,2026,bottle
0.915079365079365,0.9737958054543112,1.0,0.5238095238095238,0.0,20,0,30,33,64,clean,2.420233726501465,0.8915065866489765,2.4701000002096407,,1.7786584999994377,,,Pixel template,2026,bottle
0.903968253968254,0.9693423360188936,1.0,0.5873015873015873,0.0,20,0,26,37,179,clean,2.291097640991211,0.8913012274198423,2.376700002059806,,4.78984280000077,,,Pixel template,2026,bottle
0.9992063492063492,0.999751984126984,1.0,0.9523809523809524,0.0,20,0,3,60,16,clean,96.32447052001952,0.977959734615934,84.91739999954007,93.43301000044448,2.6880402999995567,0.0,83.0,PaDiM,42,bottle
0.9992063492063492,0.999751984126984,0.984375,1.0,0.05,19,1,0,63,64,clean,43.16748809814453,0.9796548696251128,80.74610000039684,88.74176000063017,5.295528200000263,0.0,83.0,PaDiM,42,bottle
1.0,0.9999999999999998,0.9692307692307692,1.0,0.1,18,2,0,63,179,clean,30.41217803955078,0.9786919780218348,71.96810000095866,92.48864000073807,12.025400999998965,0.0,83.0,PaDiM,42,bottle
0.9968253968253968,0.9990523572613124,0.984126984126984,0.984126984126984,0.05,19,1,1,62,16,clean,13.151678085327148,0.973653894007526,53.11909999727504,57.03567999917141,1.2118832000014663,125.0,83.0,PatchCore fixed 125,42,bottle
0.9952380952380953,0.9985443882433588,0.96875,0.984126984126984,0.1,18,2,1,62,64,clean,12.786334991455078,0.9731383841102076,54.15030000222032,62.62965000023539,4.743209200001729,125.0,83.0,PatchCore fixed 125,42,bottle
0.9746031746031746,0.993007638831766,0.9833333333333332,0.9365079365079364,0.05,19,1,4,59,179,clean,14.733692169189451,0.9641816986603928,58.95020000025397,66.12752000000908,15.048818799998116,125.0,83.0,PatchCore fixed 125,42,bottle
0.988095238095238,0.9962788381859412,0.9384615384615383,0.9682539682539684,0.2,16,4,2,61,16,clean,83.18633270263672,0.9772516991244662,78.24970000001485,104.96363999809546,2.763901000002079,0.0,83.0,PaDiM,123,bottle
0.9904761904761904,0.997143089398524,1.0,0.9523809523809524,0.0,20,0,3,60,64,clean,50.63368988037109,0.9791676365451664,73.92450000043027,105.10642000044751,5.114302600002702,0.0,83.0,PaDiM,123,bottle
0.9968253968253968,0.9990036304936458,1.0,0.9523809523809524,0.0,20,0,3,60,179,clean,44.181861877441406,0.978151422207766,71.61570000243955,103.2876200006285,11.410703800000192,0.0,83.0,PaDiM,123,bottle
0.9992063492063492,0.999751984126984,0.9130434782608696,1.0,0.3,14,6,0,63,16,clean,12.622005462646484,0.9732378487771336,41.14019999906304,45.65105000183394,1.1023993999988306,125.0,83.0,PatchCore fixed 125,123,bottle
0.9896825396825396,0.997026937745878,0.9838709677419356,0.9682539682539684,0.05,19,1,2,61,64,clean,14.03695297241211,0.9725093007752872,44.73099999813712,49.61140000013984,3.846805200002564,125.0,83.0,PatchCore fixed 125,123,bottle
1.0,0.9999999999999998,0.9692307692307692,1.0,0.1,18,2,0,63,179,clean,13.59323024749756,0.9721382522756424,45.18439999810653,49.43884999993315,10.932914599998185,125.0,83.0,PatchCore fixed 125,123,bottle
0.9904761904761904,0.9967325880474868,0.9824561403508772,0.8888888888888888,0.05,19,1,7,56,16,clean,101.52772521972656,0.9775891784966548,92.56599999935132,110.38276000072072,2.215652200000477,0.0,83.0,PaDiM,2026,bottle
0.9936507936507936,0.9978980706520232,0.984126984126984,0.984126984126984,0.05,19,1,1,62,64,clean,43.7572135925293,0.9784620177718356,98.55830000014976,117.33255999934045,5.311976000000868,0.0,83.0,PaDiM,2026,bottle
0.9984126984126984,0.999500031494079,0.984375,1.0,0.05,19,1,0,63,179,clean,26.99981689453125,0.976860828727536,104.71529999995256,116.09555999893928,13.305655399999525,0.0,83.0,PaDiM,2026,bottle
0.9976190476190476,0.9992440151090304,0.9836065573770492,0.9523809523809524,0.05,19,1,3,60,16,clean,13.727577209472656,0.9739638619060388,52.929599998606136,60.178690000975614,1.4192536999980805,125.0,83.0,PatchCore fixed 125,2026,bottle
0.9976190476190476,0.9992596468786944,1.0,0.9682539682539684,0.0,20,0,2,61,64,clean,13.207962036132812,0.9724845344827128,51.14379999940866,61.43177999911131,4.988478299997951,125.0,83.0,PatchCore fixed 125,2026,bottle
0.9833333333333334,0.995320262295298,0.9682539682539684,0.9682539682539684,0.1,18,2,2,61,179,clean,14.520708084106444,0.9717388205561676,47.90190000130679,55.71727000060491,13.45791620000091,125.0,83.0,PatchCore fixed 125,2026,bottle
0.9301075268817204,0.9834850294770006,1.0,0.6451612903225806,0.0,22,0,33,60,16,clean,18.695941925048828,0.9407652754386104,20.6651000007696,24.31778999962262,0.58885680000094,125.0,115.0,PatchCore,42,metal_nut
0.9809384164222874,0.9956759251506564,0.9662921348314608,0.9247311827956988,0.1363636363636363,19,3,7,86,64,clean,15.12341594696045,0.9769672590520934,21.454599998833142,24.05202000263671,3.911781300001168,501.0,115.0,PatchCore,42,metal_nut
0.9882697947214076,0.9973261214365708,0.978021978021978,0.956989247311828,0.0909090909090909,20,2,4,89,190,clean,14.022677421569824,0.9826288240152204,25.2786000019114,39.54486000147881,26.202471800002968,1489.0,115.0,PatchCore,42,metal_nut
0.456989247311828,0.8450989057425358,1.0,0.2473118279569892,0.0,22,0,70,23,16,clean,2.93157958984375,0.759387066912556,1.267599996936042,,0.2027514000001247,,,Pixel template,42,metal_nut
0.4721407624633431,0.848687006343793,1.0,0.2580645161290322,0.0,22,0,69,24,64,clean,2.6951441764831543,0.7524181113892892,1.244899998710025,,0.7932879999971192,,,Pixel template,42,metal_nut
0.4897360703812317,0.8519317851784959,1.0,0.2580645161290322,0.0,22,0,69,24,190,clean,2.5845022201538086,0.7493854665581673,1.294699999561999,,2.360690099998465,,,Pixel template,42,metal_nut
0.9046920821114368,0.9776842450219254,0.9848484848484848,0.6989247311827957,0.0454545454545454,21,1,28,65,16,clean,18.608810424804688,0.95545041881522,39.30709999985993,44.14006999795674,0.8467512999995961,125.0,115.0,PatchCore,123,metal_nut
0.9780058651026392,0.9950947422809644,1.0,0.8924731182795699,0.0,22,0,10,83,64,clean,15.605765342712402,0.979273184799284,37.805200001457706,42.11766999906104,4.858077400000184,501.0,115.0,PatchCore,123,metal_nut
0.986314760508309,0.9970504768787484,0.9888888888888888,0.956989247311828,0.0454545454545454,21,1,4,89,190,clean,13.936118125915527,0.9815335834979836,39.83890000017709,52.1828099997947,32.46164019999924,1489.0,115.0,PatchCore,123,metal_nut
0.5190615835777126,0.862480998036587,1.0,0.2365591397849462,0.0,22,0,71,22,16,clean,2.7806639671325684,0.7533744820619245,2.3615000027348287,,0.2638021999991906,,,Pixel template,123,metal_nut
0.4838709677419355,0.8505945762628975,1.0,0.2258064516129032,0.0,22,0,72,21,64,clean,3.142016887664795,0.7563451870105475,2.1534000006795395,,1.1271898000013607,,,Pixel template,123,metal_nut
0.4877810361681329,0.851678045672439,1.0,0.2258064516129032,0.0,22,0,72,21,190,clean,2.9268579483032227,0.7495067540740301,3.264799997850787,,4.026398900001368,,,Pixel template,123,metal_nut
0.9125122189638318,0.97954936233927,0.9824561403508772,0.6021505376344086,0.0454545454545454,21,1,37,56,16,clean,18.91510009765625,0.94634260360155,51.492700000380864,56.76195000014559,1.2411990000000517,125.0,115.0,PatchCore,2026,metal_nut
0.9897360703812316,0.9976486750436304,1.0,0.7741935483870968,0.0,22,0,21,72,64,clean,16.611948013305664,0.9803397060192734,61.29399999917951,66.81879999960074,7.161077700002352,501.0,115.0,PatchCore,2026,metal_nut
0.9926686217008798,0.9984487767438344,1.0,0.8602150537634409,0.0,22,0,13,80,190,clean,15.025716781616213,0.9811180206774228,52.51549999957206,57.9829600002995,48.96313379999992,1489.0,115.0,PatchCore,2026,metal_nut
0.5205278592375366,0.8596574146212104,1.0,0.2688172043010752,0.0,22,0,68,25,16,clean,2.6188952922821045,0.755336362891444,3.2706000019970816,,0.3682587999974203,,,Pixel template,2026,metal_nut
0.5136852394916911,0.858932011923339,0.925925925925926,0.2688172043010752,0.0909090909090909,20,2,68,25,64,clean,2.4090676307678223,0.7518734025055139,3.523100000165869,,1.4510274999993271,,,Pixel template,2026,metal_nut
0.4936461388074291,0.8535045861470905,0.9615384615384616,0.2688172043010752,0.0454545454545454,21,1,68,25,190,clean,2.4052505493164062,0.74877833861747,3.4496999978728127,,4.478914300001634,,,Pixel template,2026,metal_nut
0.8685239491691105,0.966245125828562,1.0,0.3655913978494624,0.0,22,0,59,34,16,clean,149.95079040527344,0.9408764474200786,105.87529999975231,121.83803000043554,2.639088800002355,0.0,115.0,PaDiM,42,metal_nut
0.9618768328445748,0.9914885324626526,0.9876543209876544,0.8602150537634409,0.0454545454545454,21,1,13,80,64,clean,61.7614860534668,0.957706394857714,113.71759999747157,129.46992999750364,5.621443799998815,0.0,115.0,PaDiM,42,metal_nut
0.9491691104594332,0.9876489645018562,0.9629629629629628,0.8387096774193549,0.1363636363636363,19,3,15,78,190,clean,31.90554618835449,0.9527299690017392,101.69580000001588,114.4761700015806,12.674696199999744,0.0,115.0,PaDiM,42,metal_nut
0.9301075268817204,0.9834850294770006,1.0,0.6451612903225806,0.0,22,0,33,60,16,clean,18.695941925048828,0.9407652754386104,46.11579999982496,54.84231999980693,1.1887065000009898,125.0,115.0,PatchCore fixed 125,42,metal_nut
0.8768328445747801,0.9724419695707776,1.0,0.6881720430107527,0.0,22,0,29,64,64,clean,18.69252586364746,0.9399814190372744,45.66469999917899,52.260169998771744,3.276268900001014,125.0,115.0,PatchCore fixed 125,42,metal_nut
0.8479960899315738,0.961408267036674,0.9491525423728814,0.6021505376344086,0.1363636363636363,19,3,37,56,190,clean,19.30988121032715,0.9314187935917128,41.36389999985113,47.25975999936054,9.9792200999982,125.0,115.0,PatchCore fixed 125,42,metal_nut
0.884652981427175,0.9694445096407432,1.0,0.4408602150537634,0.0,22,0,52,41,16,clean,148.2823486328125,0.9431998053515964,67.7642000009655,73.83555000051274,2.115440800000215,0.0,115.0,PaDiM,123,metal_nut
0.9623655913978496,0.9914520573953272,0.9871794871794872,0.8279569892473119,0.0454545454545454,21,1,16,77,64,clean,66.0068588256836,0.9574366533694528,68.96670000060112,78.7508000001253,4.617059000000154,0.0,115.0,PaDiM,123,metal_nut
0.9643206256109482,0.9907629884320324,1.0,0.5591397849462365,0.0,22,0,41,52,190,clean,48.48154830932617,0.9604965720019392,67.60079999730806,75.02038999991782,10.104774700001144,0.0,115.0,PaDiM,123,metal_nut
0.9046920821114368,0.9776842450219254,0.9848484848484848,0.6989247311827957,0.0454545454545454,21,1,28,65,16,clean,18.608810424804688,0.95545041881522,41.48960000020452,45.36321999985376,0.8504384999978356,125.0,115.0,PatchCore fixed 125,123,metal_nut
0.9022482893450636,0.9768965201802174,1.0,0.5268817204301075,0.0,22,0,44,49,64,clean,19.3647518157959,0.9605151688405318,44.82800000187126,52.88675000228977,3.5323745000023337,125.0,115.0,PatchCore fixed 125,123,metal_nut
0.8866080156402737,0.972845239908467,1.0,0.6021505376344086,0.0,22,0,37,56,190,clean,19.308427810668945,0.9267459897564008,41.71390000192332,47.662529998706304,9.902055499998824,125.0,115.0,PatchCore fixed 125,123,metal_nut
0.916911045943304,0.9781799826968048,0.9818181818181818,0.5806451612903226,0.0454545454545454,21,1,39,54,16,clean,122.75521850585938,0.9398758664992746,68.37839999934658,76.8040499984636,2.1257445000010198,0.0,115.0,PaDiM,2026,metal_nut
0.9550342130987292,0.9886384380217058,1.0,0.4731182795698925,0.0,22,0,49,44,64,clean,78.03580474853516,0.947665786963156,70.19540000328561,83.16516999766463,4.605602899999212,0.0,115.0,PaDiM,2026,metal_nut
0.958455522971652,0.9886963325938182,0.9761904761904762,0.8817204301075269,0.0909090909090909,20,2,11,82,190,clean,30.43292617797852,0.9413666290466104,76.95249999960652,85.10105999957887,9.68368940000073,0.0,115.0,PaDiM,2026,metal_nut
0.9125122189638318,0.97954936233927,0.9824561403508772,0.6021505376344086,0.0454545454545454,21,1,37,56,16,clean,18.91510009765625,0.94634260360155,42.569799999910174,48.67219000116165,0.9495897999986482,125.0,115.0,PatchCore fixed 125,2026,metal_nut
0.9447702834799608,0.987407573253514,1.0,0.7419354838709677,0.0,22,0,24,69,64,clean,18.615083694458008,0.9549603675394424,43.779599996923935,50.19551000004867,3.6354946000028576,125.0,115.0,PatchCore fixed 125,2026,metal_nut
0.8900293255131965,0.9724651952797776,0.9545454545454546,0.6774193548387096,0.1363636363636363,19,3,30,63,190,clean,18.899169921875,0.944261567465016,27.119200000015557,30.460360000506626,8.427685200000269,125.0,115.0,PatchCore fixed 125,2026,metal_nut
