path,sha256,score
train/good/051.png,0e3eeb97862eaa2125829f6f6336036b3ce72ab6e8bcf8795bce2c28d8ea425f,1.4983640909194946
train/good/007.png,070d4cbe696071aabc660f9362273d79f0cf36b2b60084f6d545902fa455c254,1.4966740608215332
train/good/161.png,c701921f9544bf7e6025faf7947357cdaacdb469cee2dd8757f33107c3370e63,1.415424108505249
train/good/081.png,7cb0735f9914baa21ceda3699215a8e15665639b181703f3cec94b8f27e1b1a6,1.351989507675171
train/good/152.png,ba7d31e40f6a3eed3dfb2d38ddc14785bbe81ad579b16368e3208a748d8da84c,1.3498245477676392
train/good/092.png,aef55a3c7a99c440ec4b449236be122888dab71ec5bed8d1b8bcd97b92a8591b,1.4685651063919067
train/good/038.png,905e9e23f2c982de65f7687ad31d35c750f4812cf681b7263b6cd072548d474d,1.0861918926239014
train/good/026.png,8c9ae9da77c9a3add73dae83d25abbd444ee9445d4e4c6f1d27d946421fa6542,1.3042577505111694
train/good/046.png,1adba5092ba0706b293e0ce283629a1af776e46d8c809acb2cd084cf9d49d127,1.6694719791412354
train/good/197.png,852d1cf77861a48bfd88ebc23a0667fc062786e527ecbd385cfa5692213c96dc,1.85804283618927
train/good/020.png,96a7e24ec9ca27a9ff389ccba0260d6d78d6762968803260804aef65f26fe077,1.2717711925506592
train/good/101.png,2d7c15f07db47803d9f631772b08b32d33df095df5d51c32a2ace9c1c7883568,1.269054651260376
train/good/204.png,503dfd1395d4ae17446c55bf77d9b611d2923ac4d44f80167fe7d4424c15614d,1.5535625219345093
train/good/186.png,16e4ef828af6867ac5592a1c70cf0412518316d9d5ba90db98d9b3222db46b20,2.563786745071411
train/good/115.png,458a7e5623885f31ec175d1bd517e3e60b21f1e06de113573c00f6c917f8bd69,1.6557250022888184
train/good/054.png,7ed6a41a7d4b684bfbfb89fbe3989ce90c7ea1179bbf4abec4964d15a91f28ec,1.2703540325164795
train/good/156.png,8c49d86dee53b3ce63e8269c8c2ee2c83258ec34528b082e5ccb4b7e1fb61fb6,3.234018325805664
train/good/138.png,be3e7df715fd4d0072670f7058c70c7374475700272b8af7c95846d0eed75766,1.6360448598861694
train/good/024.png,0e59918793e8ad42caa415776b381f5366afbd11a9fff2511970dbc1389b8ddf,2.7233054637908936
train/good/128.png,80de6ae7a48146eb91e9e8cc51d107f6fa1d2114598156e625b7ba1ab2d894bc,1.2360578775405884
train/good/104.png,e5647ac4f4f8bd8b2a717efabfa810e88760718a3e9e402e130db44b2f0bc58a,1.145806074142456
train/good/131.png,0c3bd83326c85b3ecec654964a8fec78e16010777146ac5709028ff3c430db76,1.3643341064453125
train/good/084.png,bb3c89c1d05c96c49283f1143b56695e0374741d18e40902b7d5cb857a778e0c,1.4482965469360352
train/good/148.png,23b47753e2badee3fa340475d4896b2a17677c3d11d276a9a251c10e155bd36c,1.471712589263916
train/good/195.png,9fa40de41750f9e07991f2b81e157b0a24778cc3a0f891a4a4a3b66a6dac5f47,3.1262855529785156
train/good/169.png,1bf3ad96b67849c864e3efac2e90cda2d2cc51a9299c2ea3af4c39cd03366a4d,1.2925620079040527
train/good/177.png,6701c975a0815a9cda6b56967a252c50a88ea03fdd95f945849611f836d45db0,1.340193271636963
train/good/025.png,311f88b86169b4516486999726e702ebca6c8f12c2500cc0449158ffbe0f929b,0.7782124280929565
train/good/189.png,3da89d6594be3ec58b05f9135b08dc7cbddf4326597c4f204fa4b61efb45f24c,1.6299939155578613
train/good/050.png,fe999421df95604555b3c253f524e4a6328f16dc8dfe24de6eb66a34fda43d97,0.9153701066970825
