path,sha256,label,is_anomaly,score,predicted_anomaly
test/broken_large/000.png,11a691a06a33dd78c5fcab6a822caa48c0d72f27f660e19f5abd9b5aa392b0eb,broken_large,1,2.9376516342163086,0
test/broken_large/001.png,b5e6fd5f3f9ac5310f4fecc37f64d42eaa3326d3d3b327369d2d789752189a0f,broken_large,1,2.6771204471588135,0
test/broken_large/002.png,249813c6bccb58b9de711a6b7248f4fd8ba4136364cfad2e0577769db91353c2,broken_large,1,2.4437570571899414,0
test/broken_large/003.png,b4797ce35dd407629e29dd199cd6e497f0a706a1ddd72ace226f30858d3199c4,broken_large,1,3.201754093170166,0
test/broken_large/004.png,ede2360ddfaba9c13112b6159f5fd3342226203719ba9f067c2ff16e3d4690e0,broken_large,1,4.066902160644531,1
test/broken_large/005.png,cb4dfa6e11f536aa8746834d41e27f86facf51fb8c92e421af7c6dc342a32553,broken_large,1,2.176302194595337,0
test/broken_large/006.png,7e1590d94352b6a5d9463d4b378721ac80335f512d78095c7126d3eae1799fae,broken_large,1,3.2619740962982178,1
test/broken_large/007.png,944292b41adbdcbc22c19027f3e0b02eae1cd9defa93bb41e4f4acb84047a3f2,broken_large,1,2.771027088165283,0
test/broken_large/008.png,0ded17a988dd56d1027d90402e0eff6030727b541c7c263bd77287a62a49b334,broken_large,1,2.6405081748962402,0
test/broken_large/009.png,eb6b625a6b86299dbf335512cb3fee553f337892023560c7a5652fcbbb63d1e0,broken_large,1,1.7804296016693115,0
test/broken_large/010.png,cac8b9cc86de2513a673453689e927a2c70a86b2f4961df2e70d795aad9fc0c6,broken_large,1,2.125925064086914,0
test/broken_large/011.png,d1819a2167952638c4826a78d3d081fdf26e5a923f3868713af122f5b1d8eddb,broken_large,1,1.7563385963439941,0
test/broken_large/012.png,d531152578b689d196411359c7e8db8f06ba865916e62d0bd7d4f9a81869b6db,broken_large,1,3.7188560962677,1
test/broken_large/013.png,cdb49dee73c2b02e2e062fe890ad5b6babc6aa5d95c84ba35486631a105f8373,broken_large,1,3.733665943145752,1
test/broken_large/014.png,e32c92da6a4689dfb9aa8e627da233b154d3f141c171aa6abfd32be4ac0589f8,broken_large,1,3.310746669769287,1
test/broken_large/015.png,3237744b81d8c38e32188bd5b0ae5cabedf37560f721466bd4a8db9851fb10cc,broken_large,1,2.509019613265991,0
test/broken_large/016.png,8b5b47f25ebec3e88c3a09b8f20e14e2413252c82737009ff6f8f20d61a2b779,broken_large,1,3.434009075164795,1
test/broken_large/017.png,32a2c9cf43301567ccbb7c2e9a4eccff5a8e464de8a9c545885d6bfb28ab0315,broken_large,1,3.9627037048339844,1
test/broken_large/018.png,ced7c9391abb29b26e126885a1dde2310f3fd1e2cfdf997cd463221e7664e57e,broken_large,1,3.765288829803467,1
test/broken_large/019.png,6807074bef09e3257c3bb516167264a9003ca666e1ddb65d7e306025a9cee695,broken_large,1,2.9552085399627686,0
test/broken_small/000.png,05b96e1102fba8cc19bf60e17d33a0830247df2bbba56cae3df100336392941e,broken_small,1,1.1644906997680664,0
test/broken_small/001.png,bc60260af053f2f84f71550dda6f2d88c9c8e427109a56249f0dc60e30bc9759,broken_small,1,2.739407777786255,0
test/broken_small/002.png,e605efdbf20478f09084f3026eaa96b91d9d1e7bc113cbe8fb700f2bbcc2763e,broken_small,1,3.3549537658691406,1
test/broken_small/003.png,c97b387cdafd8df6d1834dcd4bb284cb784969a5416dc067f6f2476592c1ee57,broken_small,1,4.099123954772949,1
test/broken_small/004.png,6f57501c4ae23aac51f06c7ea4916d8977cf84664832cc7c542447624bd9c142,broken_small,1,6.594799041748047,1
test/broken_small/005.png,1dcaf0ee6666df4b793de50d2371b400e468f5c3b39456f8af66e6a9593f7950,broken_small,1,1.1954425573349,0
test/broken_small/006.png,3663a963886304bb1fc308bb63bdd63edb58904980662d034136f53af3124d54,broken_small,1,2.2458858489990234,0
test/broken_small/007.png,648a8cb8babfa35f2574ae0dbff581db740cc6ff6ecb14806de29d5e4facb4a6,broken_small,1,1.8200328350067139,0
test/broken_small/008.png,26af850d4eee499c803f372e17ac9297ebe8edc04695dea8d288ac93711325e3,broken_small,1,1.7207139730453491,0
test/broken_small/009.png,d83afc9847c680e6b9f5c36f49ca19e1b1f275fc0358e4864ec1809d42df32c7,broken_small,1,2.0130062103271484,0
test/broken_small/010.png,21cd62dad2af2a7841c2ed469ab0909385805fa67d4ee7ba4b8dd6417c6ea95c,broken_small,1,3.0689010620117188,0
test/broken_small/011.png,0b864bfc835768c65992b235c435e397480cfadeed57ea3884e234a2b473a9c9,broken_small,1,2.0560975074768066,0
test/broken_small/012.png,945cf8614874e85e7d81ebf0ea69340600eec2df6b3d8cdbe0019b27f0a006dc,broken_small,1,3.6356310844421387,1
test/broken_small/013.png,b32208859b9262fa19ad2f01043ed13aac2cebaa4c85936ad489d68c719a2ea1,broken_small,1,2.504373550415039,0
test/broken_small/014.png,c74fb6a0cfc32692175c6f97f337fa49a0146a2ccb66ffa308e90b8b95ce50d8,broken_small,1,1.7438080310821533,0
test/broken_small/015.png,ef423951e8f0bed66ab053c28ad709e68ef24af62b4650254c3d39aaa2bb48da,broken_small,1,1.7647631168365479,0
test/broken_small/016.png,72e0dfb0da261ee3b349dc34235f65c23bf6b2cbb8928a055348980c1f428bba,broken_small,1,2.130068302154541,0
test/broken_small/017.png,437b1c2b5f0c055ee250ba1c4266725eae7c4e21293b0b13141e672f42a2d55b,broken_small,1,3.7006325721740723,1
test/broken_small/018.png,b145d2c83ef34456539118e18ba0a197277a9625320ed7248492b308856170af,broken_small,1,6.650932312011719,1
test/broken_small/019.png,a6e0b07c9402eb7ce810955032a54d5b05cc60f30579b397e83eba6957390c34,broken_small,1,1.9844504594802856,0
test/broken_small/020.png,266ed29aeada42b0ff5160b41a754887301cef8a5aeec278af64e68a736b105a,broken_small,1,3.4839441776275635,1
test/broken_small/021.png,8fd65fc5519cf685764d5f87f3ad1cfe088e7c54e3a54ad68b5ab3df120a084d,broken_small,1,2.1566781997680664,0
test/contamination/000.png,fe2e96a8cba624ace02985481197ee8ab112d2a2faa4b79f137ace2c452eb4ea,contamination,1,3.125472068786621,0
test/contamination/001.png,2ddf5d0d53b2dc3d13286af69d668e9b572a360a87309bb91a4682dde8f2311a,contamination,1,1.80122971534729,0
test/contamination/002.png,905880d6f1f7c33cce414116beae1bda241efff97ba78647e7c2b5d25a94dd05,contamination,1,2.7248215675354004,0
test/contamination/003.png,023c4e62fbe0b7f408245e85b8fc60259d826dedee67fdc5a41655b7fa494e4a,contamination,1,2.813300132751465,0
test/contamination/004.png,8def2401278eb433c1a2fa0a78c79abfeea7a4d0b363e637e51c39cef34c073c,contamination,1,1.9255750179290771,0
test/contamination/005.png,606d939e295c39be7097829e33f82b1fea32006379817b5de2a0e0548a10b50e,contamination,1,4.890569686889648,1
test/contamination/006.png,d458db2da3744fd2fc797bd7568ed8282fe1583e05d427ffa8e41d67f7e14b03,contamination,1,6.073590278625488,1
test/contamination/007.png,a3918b94553a8922b3c16d064ef73e9062710b35639a949c56d926037e4c0d0a,contamination,1,5.899728775024414,1
test/contamination/008.png,35b9af10eaa1fe5525d6fb54ed3ddb069391d7dff93e8c6a6140272431115b00,contamination,1,1.8860607147216797,0
test/contamination/009.png,ee3e214406dac4a5334c37423f86495f6f4440569a8b9c4b4d778f7c015e35fc,contamination,1,1.5317049026489258,0
test/contamination/010.png,9cabee2946258e61422d092acdf82bdc9946d7b881dd8bfa4ed032b674be49fe,contamination,1,2.155876636505127,0
test/contamination/011.png,29b03be4b7ff17a2e32446c60ea7d7c6dbffc2ffe091f17455fdc528fb337317,contamination,1,3.4757845401763916,1
test/contamination/012.png,e3fbaab9071bb10ba574e33bd244f3ff61c5f7f8c50a6f13c714b1bde5a32e2c,contamination,1,3.8369569778442383,1
test/contamination/013.png,a8a05f265d400831973ae361c2773d5719f9469cc798bab1ec883274723d3165,contamination,1,2.43080735206604,0
test/contamination/014.png,503a4011f035f9a703bd435917d14118cb47ed4c4712b8f77f1f2dbb119c0d0a,contamination,1,2.312554121017456,0
test/contamination/015.png,1e8ba471a607de42e71890f010c0e7a620522f5c55abc8f64d52b290438c31be,contamination,1,2.0493667125701904,0
test/contamination/016.png,9693bc441d758ca05db5602c66243681697a4d273a9468508f4a9a9b3205c0c1,contamination,1,2.6668431758880615,0
test/contamination/017.png,39353cd83649e95260e53e0ec2ac3985cc5d42732f721cc26f7027db616695c8,contamination,1,7.797313690185547,1
test/contamination/018.png,71c18397def5e402077a127a882dc3c871053b2796cf158aad1ff1a149a465dc,contamination,1,2.164416790008545,0
test/contamination/019.png,883de514d58337d56397cd06cccf12e3954bdf3e2293833726c255d8f9071a3c,contamination,1,1.9415478706359863,0
test/contamination/020.png,19dd90eb49a90512b56e9174da1fdd6e8a2ef40e590bfb8d76b1ca854c82f16b,contamination,1,3.335301399230957,1
test/good/000.png,9e7bfe658efe9b6db2607a96405b4ac6880936eaf93b89c85bcd311122ceb57b,good,0,2.522824287414551,0
test/good/001.png,a45aba86ef3e1ef8dbd95ca56abeb63f576fcd2bbd040ba748a1410bb70d6d78,good,0,0.9271565675735474,0
test/good/002.png,281e0b0dada22effec4fee5b09bef9a54feaef9d8d717aeb7947aa499ab9a1f8,good,0,1.7609230279922485,0
test/good/003.png,08c6a6cbeecb25f84c1a8a6fbc1437228980076075058550eedd2f7e1d172978,good,0,1.5584901571273804,0
test/good/004.png,22e8a84b84435aa6e67266529d6a2f3b7a29f89e4701fd0a969031e517a12dea,good,0,1.0193403959274292,0
test/good/005.png,fa1fb2fa7dbdebe55fa61b1aec5563c769d10ceaa96e8a822fd544a748429807,good,0,1.2824960947036743,0
test/good/006.png,cb8b1201fa027fada3209cde87514b778231e5d0923c5517d40e78b2e0423e35,good,0,1.4010485410690308,0
test/good/007.png,7d3036445dcce53d746e8e1804eca5e2acaa2646c85eb574782c74a940a72921,good,0,1.5940241813659668,0
test/good/008.png,c87eba626d55a28bcf5d046f8c1f5abf543d9eb9dd6c647181a26a29a58582b7,good,0,1.2649562358856201,0
test/good/009.png,b093faf3767345a4a75ed355d62e8461590fe94778df733e6acbeff2353f9f6b,good,0,1.4858405590057373,0
test/good/010.png,b31ddd1a297e85ad505f8d8b1b2df94452ab22a5d5482f500db920635356f963,good,0,2.1321604251861572,0
test/good/011.png,17033f7fb5f93eee444224d7dd9482a6444c526e0f68591a21b12b4d356cbb8a,good,0,1.3738727569580078,0
test/good/012.png,12b90fbbb65590d8b1f48d1a5ffff440c45af785b26f23cebd20ad0b86d4ad50,good,0,2.044224977493286,0
test/good/013.png,f1b83b016bd73e9490a17f052da9eae96797d6dfb11c328b6ddea5eb9af7ba73,good,0,2.488926410675049,0
test/good/014.png,a71581c613032a4db9ac7fc3e5f1b73cf0015015ee6f5a08b2f92495e4c3e3e8,good,0,1.5921778678894043,0
test/good/015.png,179aecaca86a1964bdc3075782bb36dcd1c7b25266077711a157d2dd565cfffc,good,0,1.2598917484283447,0
test/good/016.png,5ff7596e9a7fec2b34166dba196022c09282d9b45df671aac6759bbc2995e561,good,0,1.6269723176956177,0
test/good/017.png,ac516a2650e86145083c3a5c5b6c13b44062b4ec8daec52ee7fc81fe2fec6d4d,good,0,1.7586086988449097,0
test/good/018.png,4f0c476b10508c8f163cba4a93f6272126e4b55b59df9d7ace36247ab72709df,good,0,1.443474292755127,0
test/good/019.png,44ef90ec530671e4c8125bf67b05b5f6b25a7bf24ee0d4d29dffc9af06f162dd,good,0,2.037625789642334,0
