path,label,score,prediction,latency_ms
bottle/test/broken_large/000.png,1,2.84751033782959,1,2.172599997720681
bottle/test/broken_large/001.png,1,2.4740748405456543,1,2.7990999988105614
bottle/test/broken_large/002.png,1,2.376375675201416,0,2.4535999982617795
bottle/test/broken_large/003.png,1,3.0995559692382812,1,1.5994999994290993
bottle/test/broken_large/004.png,1,3.9437856674194336,1,2.03719999990426
bottle/test/broken_large/005.png,1,2.1129226684570312,0,2.7553999971132725
bottle/test/broken_large/006.png,1,3.1742312908172607,1,2.312499997060513
bottle/test/broken_large/007.png,1,2.3221628665924072,0,1.9226000003982335
bottle/test/broken_large/008.png,1,2.5320382118225098,1,2.997800002049189
bottle/test/broken_large/009.png,1,1.5409133434295654,0,2.0246000021870714
bottle/test/broken_large/010.png,1,2.0412521362304688,0,3.314599998702761
bottle/test/broken_large/011.png,1,1.735288143157959,0,2.132499997969717
bottle/test/broken_large/012.png,1,3.556187868118286,1,2.6477999999769963
bottle/test/broken_large/013.png,1,3.189507484436035,1,2.4701000002096407
bottle/test/broken_large/014.png,1,3.171433687210083,1,2.357600002142135
bottle/test/broken_large/015.png,1,2.4707207679748535,1,2.9810999985784292
bottle/test/broken_large/016.png,1,2.8878695964813232,1,1.912100000481587
bottle/test/broken_large/017.png,1,3.872742176055908,1,3.438200001255609
bottle/test/broken_large/018.png,1,3.638242721557617,1,1.6439999999420252
bottle/test/broken_large/019.png,1,2.827960968017578,1,2.026400001341244
bottle/test/broken_small/000.png,1,1.1060686111450195,0,3.187199999956647
bottle/test/broken_small/001.png,1,2.6507089138031006,1,2.3941999970702454
bottle/test/broken_small/002.png,1,3.335993528366089,1,3.579599997465266
bottle/test/broken_small/003.png,1,3.4391965866088867,1,2.098200002365047
bottle/test/broken_small/004.png,1,6.460728645324707,1,2.870300002541626
bottle/test/broken_small/005.png,1,1.0989292860031128,0,1.6981999979179818
bottle/test/broken_small/006.png,1,2.1127874851226807,0,2.0451000018510967
bottle/test/broken_small/007.png,1,1.685322642326355,0,3.137899999273941
bottle/test/broken_small/008.png,1,1.649572730064392,0,2.7449999979580753
bottle/test/broken_small/009.png,1,1.9880377054214478,0,2.527900000131922
bottle/test/broken_small/010.png,1,3.0203840732574463,1,2.232499999081483
bottle/test/broken_small/011.png,1,1.6965060234069824,0,3.332200001750607
bottle/test/broken_small/012.png,1,3.334667205810547,1,2.1684999992430676
bottle/test/broken_small/013.png,1,2.000316619873047,0,2.4845999978424516
bottle/test/broken_small/014.png,1,1.6692397594451904,0,2.434399997582659
bottle/test/broken_small/015.png,1,1.6000239849090576,0,2.0156000027782284
bottle/test/broken_small/016.png,1,2.1259069442749023,0,2.5074000004678965
bottle/test/broken_small/017.png,1,3.592585802078247,1,2.755100002104882
bottle/test/broken_small/018.png,1,6.4357500076293945,1,2.5177000024996232
bottle/test/broken_small/019.png,1,1.8577951192855835,0,2.69299999854411
bottle/test/broken_small/020.png,1,3.3515079021453857,1,1.6504000013810582
bottle/test/broken_small/021.png,1,2.1381781101226807,0,2.0302000011724886
bottle/test/contamination/000.png,1,3.097234010696411,1,2.5415999989490956
bottle/test/contamination/001.png,1,1.7954128980636597,0,3.248399996664375
bottle/test/contamination/002.png,1,2.526414155960083,1,2.154799996787915
bottle/test/contamination/003.png,1,2.2974514961242676,0,1.9628000009106472
bottle/test/contamination/004.png,1,1.8633126020431519,0,2.731399999902351
bottle/test/contamination/005.png,1,4.854851722717285,1,2.1626999987347517
bottle/test/contamination/006.png,1,6.078580856323242,1,3.2375000009778887
bottle/test/contamination/007.png,1,5.657737731933594,1,1.972300000488758
bottle/test/contamination/008.png,1,1.8788132667541504,0,3.116199997748481
bottle/test/contamination/009.png,1,1.5232865810394287,0,1.6114999998535495
bottle/test/contamination/010.png,1,1.7980883121490479,0,2.1222000032139476
bottle/test/contamination/011.png,1,3.473738431930542,1,3.2644999992044177
bottle/test/contamination/012.png,1,3.8376922607421875,1,2.038999999058433
bottle/test/contamination/013.png,1,2.38913893699646,0,2.7305000003252644
bottle/test/contamination/014.png,1,1.9746655225753784,0,1.8626999990374316
bottle/test/contamination/015.png,1,1.8031833171844482,0,2.1617999991576653
bottle/test/contamination/016.png,1,2.594647169113159,1,2.779500002361601
bottle/test/contamination/017.png,1,7.87890625,1,2.092300001095282
bottle/test/contamination/018.png,1,2.1092538833618164,0,3.251300000556512
bottle/test/contamination/019.png,1,1.8415833711624146,0,2.5722999998833984
bottle/test/contamination/020.png,1,3.3227481842041016,1,2.812499998981366
bottle/test/good/000.png,0,2.0684704780578613,0,2.584899997600587
bottle/test/good/001.png,0,0.8833225965499878,0,2.449999999953434
bottle/test/good/002.png,0,1.7849817276000977,0,2.4985999989439733
bottle/test/good/003.png,0,1.283800482749939,0,2.9418999984045513
bottle/test/good/004.png,0,0.9730878472328186,0,2.3818000008759554
bottle/test/good/005.png,0,1.235999345779419,0,3.205000000889413
bottle/test/good/006.png,0,1.2710593938827515,0,2.452699998684693
bottle/test/good/007.png,0,1.5040771961212158,0,2.887300001020776
bottle/test/good/008.png,0,1.1434253454208374,0,1.8333000007260125
bottle/test/good/009.png,0,1.4938700199127197,0,2.2241000006033573
bottle/test/good/010.png,0,1.7639667987823486,0,2.612500000395812
bottle/test/good/011.png,0,1.3291996717453003,0,2.136799997970229
bottle/test/good/012.png,0,1.9106155633926392,0,2.742000000580447
bottle/test/good/013.png,0,1.8603880405426025,0,2.32539999706205
bottle/test/good/014.png,0,1.5135524272918701,0,3.3231000015803147
bottle/test/good/015.png,0,1.2173354625701904,0,1.8971999998029787
bottle/test/good/016.png,0,1.416653037071228,0,3.1103999972401652
bottle/test/good/017.png,0,1.4356694221496582,0,2.4288999993586913
bottle/test/good/018.png,0,1.375314712524414,0,2.574599999206839
bottle/test/good/019.png,0,1.7672522068023682,0,2.4880999990273267
