path,defect,label,score,latency_ms,prediction,correct
bottle/test/broken_large/000.png,broken_large,1,101.70166778564453,65.5722000010428,1,True
bottle/test/broken_large/001.png,broken_large,1,118.1146240234375,87.31899999838788,1,True
bottle/test/broken_large/002.png,broken_large,1,90.10208892822266,95.45380000054138,1,True
bottle/test/broken_large/003.png,broken_large,1,147.6439208984375,72.39230000050156,1,True
bottle/test/broken_large/004.png,broken_large,1,92.9245376586914,70.30699999813805,1,True
bottle/test/broken_large/005.png,broken_large,1,96.5697250366211,91.6099000023678,1,True
bottle/test/broken_large/006.png,broken_large,1,143.1605682373047,66.13870000001043,1,True
bottle/test/broken_large/007.png,broken_large,1,98.43867492675781,67.83370000266586,1,True
bottle/test/broken_large/008.png,broken_large,1,113.4885025024414,70.58619999952498,1,True
bottle/test/broken_large/009.png,broken_large,1,92.13524627685547,87.12490000107209,1,True
bottle/test/broken_large/010.png,broken_large,1,100.10537719726562,70.44859999950859,1,True
bottle/test/broken_large/011.png,broken_large,1,87.48686218261719,71.03060000008554,1,True
bottle/test/broken_large/012.png,broken_large,1,155.7975311279297,74.88499999817577,1,True
bottle/test/broken_large/013.png,broken_large,1,96.28975677490234,71.372499998688,1,True
bottle/test/broken_large/014.png,broken_large,1,122.17210388183594,98.28539999944041,1,True
bottle/test/broken_large/015.png,broken_large,1,90.20916748046875,68.2730000007723,1,True
bottle/test/broken_large/016.png,broken_large,1,106.5783920288086,64.15410000045085,1,True
bottle/test/broken_large/017.png,broken_large,1,102.86239624023438,97.105199998623,1,True
bottle/test/broken_large/018.png,broken_large,1,100.01551055908203,66.05769999805489,1,True
bottle/test/broken_large/019.png,broken_large,1,96.15613555908203,69.23289999758708,1,True
bottle/test/broken_small/000.png,broken_small,1,69.18038940429688,93.95479999875533,1,True
bottle/test/broken_small/001.png,broken_small,1,145.99098205566406,71.99080000282265,1,True
bottle/test/broken_small/002.png,broken_small,1,83.58636474609375,66.80899999992107,1,True
bottle/test/broken_small/003.png,broken_small,1,96.54278564453125,70.17379999888362,1,True
bottle/test/broken_small/004.png,broken_small,1,104.21212768554688,97.09949999887613,1,True
bottle/test/broken_small/005.png,broken_small,1,110.17510223388672,103.60170000058133,1,True
bottle/test/broken_small/006.png,broken_small,1,98.61241912841797,72.32880000083242,1,True
bottle/test/broken_small/007.png,broken_small,1,65.80451202392578,70.97129999965546,1,True
bottle/test/broken_small/008.png,broken_small,1,82.50145721435547,98.5657999990508,1,True
bottle/test/broken_small/009.png,broken_small,1,105.45801544189453,69.71960000009858,1,True
bottle/test/broken_small/010.png,broken_small,1,106.91320037841797,69.19399999969755,1,True
bottle/test/broken_small/011.png,broken_small,1,112.15338897705078,73.56710000021849,1,True
bottle/test/broken_small/012.png,broken_small,1,106.93185424804688,74.25810000131605,1,True
bottle/test/broken_small/013.png,broken_small,1,95.52696990966797,76.73920000161161,1,True
bottle/test/broken_small/014.png,broken_small,1,76.91161346435547,100.46090000105323,1,True
bottle/test/broken_small/015.png,broken_small,1,68.791259765625,69.97810000029858,1,True
bottle/test/broken_small/016.png,broken_small,1,93.71869659423828,98.23030000188737,1,True
bottle/test/broken_small/017.png,broken_small,1,98.90058135986328,78.39649999732501,1,True
bottle/test/broken_small/018.png,broken_small,1,136.7144012451172,97.5810999989335,1,True
bottle/test/broken_small/019.png,broken_small,1,105.62191009521484,96.00309999950696,1,True
bottle/test/broken_small/020.png,broken_small,1,96.55409240722656,71.61570000243955,1,True
bottle/test/broken_small/021.png,broken_small,1,120.38653564453125,98.69969999999739,1,True
bottle/test/contamination/000.png,contamination,1,72.94816589355469,71.70919999771286,1,True
bottle/test/contamination/001.png,contamination,1,61.78665542602539,71.77589999992051,1,True
bottle/test/contamination/002.png,contamination,1,108.38385772705078,107.24620000110008,1,True
bottle/test/contamination/003.png,contamination,1,38.000526428222656,109.927699999389,0,False
bottle/test/contamination/004.png,contamination,1,48.22254180908203,103.84889999841107,1,True
bottle/test/contamination/005.png,contamination,1,101.49077606201172,65.86289999904693,1,True
bottle/test/contamination/006.png,contamination,1,77.33898162841797,72.7671000022383,1,True
bottle/test/contamination/007.png,contamination,1,224.04930114746094,70.75280000208295,1,True
bottle/test/contamination/008.png,contamination,1,98.25059509277344,66.95399999807705,1,True
bottle/test/contamination/009.png,contamination,1,79.05070495605469,68.69000000006054,1,True
bottle/test/contamination/010.png,contamination,1,85.8460693359375,97.68160000021453,1,True
bottle/test/contamination/011.png,contamination,1,60.10016632080078,72.3824999986391,1,True
bottle/test/contamination/012.png,contamination,1,36.37439727783203,68.17679999949178,0,False
bottle/test/contamination/013.png,contamination,1,170.10989379882812,68.80069999897387,1,True
bottle/test/contamination/014.png,contamination,1,162.66891479492188,70.48030000078143,1,True
bottle/test/contamination/015.png,contamination,1,93.2282943725586,65.01489999936894,1,True
bottle/test/contamination/016.png,contamination,1,50.82912826538086,70.04220000089845,1,True
bottle/test/contamination/017.png,contamination,1,252.83218383789062,95.40049999850453,1,True
bottle/test/contamination/018.png,contamination,1,105.91423034667969,66.72389999948791,1,True
bottle/test/contamination/019.png,contamination,1,28.88730812072754,69.77630000255886,0,False
bottle/test/contamination/020.png,contamination,1,50.85683059692383,81.51230000294163,1,True
bottle/test/good/000.png,good,0,27.54206085205078,93.54709999752231,0,True
bottle/test/good/001.png,good,0,21.175168991088867,58.85459999990417,0,True
bottle/test/good/002.png,good,0,21.736759185791016,57.90500000148313,0,True
bottle/test/good/003.png,good,0,14.208111763000488,59.494099998119054,0,True
bottle/test/good/004.png,good,0,23.87883949279785,94.29680000175722,0,True
bottle/test/good/005.png,good,0,13.024651527404785,67.99149999642395,0,True
bottle/test/good/006.png,good,0,38.503753662109375,105.30719999951543,0,True
bottle/test/good/007.png,good,0,19.056306838989258,68.63020000309916,0,True
bottle/test/good/008.png,good,0,22.07217025756836,63.3148999986588,0,True
bottle/test/good/009.png,good,0,16.594484329223633,73.82569999754196,0,True
bottle/test/good/010.png,good,0,22.804264068603516,73.48210000054678,0,True
bottle/test/good/011.png,good,0,17.907867431640625,68.2952999995905,0,True
bottle/test/good/012.png,good,0,19.194961547851562,60.73679999826709,0,True
bottle/test/good/013.png,good,0,13.6287841796875,59.113600000273436,0,True
bottle/test/good/014.png,good,0,18.071664810180664,92.67349999936414,0,True
bottle/test/good/015.png,good,0,30.464374542236328,85.30289999907836,0,True
bottle/test/good/016.png,good,0,20.799808502197266,67.81970000156434,0,True
bottle/test/good/017.png,good,0,24.424291610717773,66.00969999999506,0,True
bottle/test/good/018.png,good,0,19.362680435180664,96.95050000300398,0,True
bottle/test/good/019.png,good,0,27.04164695739746,67.72669999918435,0,True
