path,score
metal_nut/train/good/197.png,1.5700269937515259
metal_nut/train/good/091.png,1.5548850297927856
metal_nut/train/good/007.png,1.717889666557312
metal_nut/train/good/179.png,2.3160974979400635
metal_nut/train/good/067.png,2.6501195430755615
metal_nut/train/good/026.png,1.529679298400879
metal_nut/train/good/171.png,1.732283353805542
metal_nut/train/good/170.png,1.4737968444824219
metal_nut/train/good/216.png,1.8736753463745117
metal_nut/train/good/162.png,1.6373953819274902
metal_nut/train/good/166.png,1.4261586666107178
metal_nut/train/good/079.png,2.12105393409729
metal_nut/train/good/215.png,1.7363179922103882
metal_nut/train/good/095.png,1.5734952688217163
metal_nut/train/good/147.png,2.5216445922851562
metal_nut/train/good/131.png,1.8076457977294922
metal_nut/train/good/070.png,2.166182518005371
metal_nut/train/good/054.png,1.8965222835540771
metal_nut/train/good/050.png,1.8624250888824463
metal_nut/train/good/207.png,1.9014558792114258
metal_nut/train/good/127.png,2.2004644870758057
metal_nut/train/good/118.png,1.6278202533721924
metal_nut/train/good/104.png,2.250335931777954
metal_nut/train/good/037.png,1.4023207426071167
metal_nut/train/good/020.png,2.93157958984375
metal_nut/train/good/217.png,1.5776903629302979
metal_nut/train/good/208.png,2.0907044410705566
metal_nut/train/good/152.png,1.4844048023223877
metal_nut/train/good/115.png,1.5520998239517212
metal_nut/train/good/167.png,1.5587544441223145
