path,defect,label,score,latency_ms
bottle/train/good/031.png,good,0,12.350293159484863,41.08110000015586
bottle/train/good/206.png,good,0,12.495576858520508,42.837799999688286
bottle/train/good/207.png,good,0,12.698068618774414,42.01159999865922
bottle/train/good/002.png,good,0,12.43524169921875,48.499200001970166
bottle/train/good/143.png,good,0,12.529541015625,45.424299998558126
bottle/train/good/167.png,good,0,12.665983200073242,44.16960000162362
bottle/train/good/016.png,good,0,12.085684776306152,46.18829999890295
bottle/train/good/174.png,good,0,12.467581748962402,50.62449999968521
bottle/train/good/093.png,good,0,12.317749977111816,49.37289999725181
bottle/train/good/081.png,good,0,12.200347900390625,46.750699999392964
bottle/train/good/124.png,good,0,12.312938690185547,46.2359999983164
bottle/train/good/144.png,good,0,12.284423828125,50.164300002506934
bottle/train/good/094.png,good,0,12.452226638793945,49.07979999916279
bottle/train/good/205.png,good,0,13.727577209472656,50.57200000010198
bottle/train/good/055.png,good,0,12.204201698303223,49.47560000073281
bottle/train/good/146.png,good,0,11.815668106079102,48.83189999964088
bottle/train/good/161.png,good,0,12.531000137329102,50.38150000109454
bottle/train/good/010.png,good,0,11.94623851776123,49.336500000208616
bottle/train/good/022.png,good,0,11.916009902954102,48.86620000252151
bottle/train/good/077.png,good,0,12.488157272338867,49.74189999848022
bottle/train/good/136.png,good,0,12.313165664672852,52.81549999926938
bottle/train/good/169.png,good,0,12.459966659545898,55.705299997498514
bottle/train/good/033.png,good,0,11.995317459106445,53.67320000004838
bottle/train/good/050.png,good,0,12.088325500488281,55.547399999340996
bottle/train/good/184.png,good,0,12.21989917755127,52.343999999720836
bottle/train/good/048.png,good,0,12.2123384475708,51.40400000163936
bottle/train/good/009.png,good,0,12.322500228881836,56.89089999941643
bottle/train/good/060.png,good,0,12.607697486877441,59.23099999927217
bottle/train/good/019.png,good,0,11.915234565734863,59.13900000086869
bottle/train/good/047.png,good,0,11.973531723022461,57.74830000154907
